,comment_id,score,replies,awards,length,length_to_avg_ratio
0,t1_lg0m40h,1,0,0,2,0.018433179723502304
1,t1_lg2121c,1,1,0,177,1.631336405529954
2,t1_lhhnu1p,5,0,0,40,0.32967032967032966
3,t1_lhk9ejk,2,1,0,15,0.12362637362637363
4,t1_lhp8vgm,1,0,0,166,1.3681318681318682
5,t1_ldf615d,4,0,0,69,0.13846153846153847
6,t1_lddbbcw,5,2,0,503,1.0093645484949834
7,t1_lddb8yg,3,0,0,83,0.1665551839464883
8,t1_lfb9n61,2,0,0,107,0.44583333333333336
9,t1_lcro82c,5,0,0,5,0.06389776357827476
10,t1_lcrbm61,2,0,0,180,2.3003194888178915
11,t1_lcsk1lb,1,0,0,12,0.15335463258785942
12,t1_lcsz4na,2,0,0,116,1.4824281150159744
13,t1_lhbcu4l,2,0,0,28,0.835820895522388
14,t1_lhbubxp,1,1,0,12,0.3582089552238806
15,t1_ldi2600,5,0,0,178,0.8588661037394452
16,t1_ldkrg87,4,0,0,44,0.21230398069963813
17,t1_ldikqwv,3,1,0,59,0.28468033775633295
18,t1_ldl9heh,3,0,0,218,1.051869722557298
19,t1_ldho3qc,4,0,0,265,1.278648974668275
20,t1_ldima1h,2,1,0,43,0.2074788902291918
21,t1_ldry3uc,2,0,0,128,0.617611580217129
22,t1_lfsqe5p,1,0,0,204,0.9843184559710495
23,t1_lcwwf1a,4,0,0,70,1.0
24,t1_lepstos,37,0,0,54,0.27150837988826815
25,t1_lepu7wj,8,0,0,83,0.41731843575419
26,t1_lepyqix,13,1,0,93,0.4675977653631285
27,t1_lepw1nj,5,0,0,639,3.212849162011173
28,t1_leqn4uo,4,0,0,20,0.1005586592178771
29,t1_lesb6u7,4,0,0,216,1.0860335195530726
30,t1_leq9phy,3,0,0,24,0.12067039106145251
31,t1_lepx6wo,2,0,0,258,1.2972067039106145
32,t1_leqaqwt,2,0,0,331,1.664245810055866
33,t1_lh4tiqk,2,0,0,52,0.37681159420289856
34,t1_lerm1ha,3,0,0,292,0.8938775510204081
35,t1_lessdgc,1,1,0,263,0.8051020408163265
36,t1_leuv0pu,1,0,0,192,0.5877551020408163
37,t1_lfrq3ew,11,0,0,47,0.15824915824915825
38,t1_lfrt0nz,1,1,0,29,0.09764309764309764
39,t1_lfrz7vo,1,1,0,365,1.228956228956229
40,t1_lft4vgg,1,0,0,333,1.121212121212121
41,t1_lfwzpqj,1,0,0,220,0.7407407407407407
42,t1_lcpb6ms,30,0,0,29,0.2222222222222222
43,t1_lcp6c61,13,1,0,38,0.29118773946360155
44,t1_lcpsc3n,5,0,0,63,0.4827586206896552
45,t1_lcp094r,11,0,0,126,0.9655172413793104
46,t1_lcqfjsd,4,0,0,54,0.41379310344827586
47,t1_lcpxcdt,2,0,0,48,0.367816091954023
48,t1_lcq8er3,2,0,0,6,0.04597701149425287
49,t1_lcqbl5b,2,0,0,477,3.6551724137931036
50,t1_lh833sl,9,0,0,268,1.0613861386138614
51,t1_lh7pzu9,8,2,0,177,0.700990099009901
52,t1_lh7ynre,6,0,0,561,2.221782178217822
53,t1_lh89oas,3,0,0,37,0.14653465346534653
54,t1_lh9sn3c,2,0,0,66,0.2613861386138614
55,t1_lhb0bif,2,0,0,210,0.8316831683168316
56,t1_lhb23ga,1,0,0,269,1.0653465346534654
57,t1_lhb9u34,1,0,0,73,0.2891089108910891
58,t1_lhbhuf8,2,0,0,9,0.6428571428571429
59,t1_lhbsug2,0,0,0,19,1.3571428571428572
60,t1_leidz02,2,0,0,17,0.4513274336283186
61,t1_leifoq2,1,0,0,3,0.07964601769911504
62,t1_leiw3um,1,0,0,57,1.513274336283186
63,t1_ldt3zjx,11,0,0,163,0.9569471624266144
64,t1_ldsvd70,23,0,0,172,1.009784735812133
65,t1_ldv9mi2,6,0,0,216,1.2681017612524461
66,t1_ldtay4m,5,1,0,149,0.8747553816046966
67,t1_ldu0luz,4,0,0,43,0.25244618395303325
68,t1_ldtfzye,3,0,0,85,0.49902152641878667
69,t1_ldv96ce,3,0,0,200,1.1741682974559686
70,t1_ldw1h1h,3,0,0,239,1.4031311154598824
71,t1_ldt9ffs,6,0,0,62,0.3639921722113503
72,t1_ldgsh26,5,0,0,14,0.09982174688057041
73,t1_ldgzuut,2,0,0,282,2.0106951871657754
74,t1_ldh8x3s,2,0,0,5,0.035650623885918005
75,t1_ldgt1qj,1,1,0,59,0.4206773618538324
76,t1_ldhp7gx,1,1,0,52,0.37076648841354726
77,t1_ldhwjsx,1,0,0,37,0.2638146167557932
78,t1_ldjfwuv,1,0,0,222,1.5828877005347595
79,t1_ldkvsgo,1,0,0,199,1.4188948306595366
80,t1_ldwnv8c,3,0,0,168,1.0
81,t1_ld5bqk0,23,0,0,125,0.6714413607878246
82,t1_ld53spa,39,2,0,126,0.6768128916741272
83,t1_ld55esk,5,0,0,76,0.40823634735899733
84,t1_ld56fwq,5,0,0,82,0.44046553267681293
85,t1_ld7iomn,3,0,0,117,0.6284691136974038
86,t1_ld55ted,2,1,0,110,0.5908683974932856
87,t1_leiojhf,12,0,0,67,0.5129186602870813
88,t1_leiqj5r,5,1,0,261,1.998086124401914
89,t1_leisfjb,3,0,0,17,0.13014354066985645
90,t1_lejavd0,3,0,0,148,1.1330143540669857
91,t1_lejidoc,2,0,0,67,0.5129186602870813
92,t1_lejlvk0,2,0,0,59,0.45167464114832534
93,t1_lej5oev,1,0,0,63,0.48229665071770333
94,t1_lekothb,1,0,0,65,0.49760765550239233
95,t1_lfxgvh5,1,0,0,35,1.0
96,t1_lhhgygh,5,0,0,19,0.2593856655290102
97,t1_lhho24o,2,0,0,81,1.10580204778157
98,t1_lhiinj5,2,0,0,155,2.1160409556313993
99,t1_lhl02cj,1,0,0,38,0.5187713310580204
100,t1_ldtvefm,1,0,0,46,0.5348837209302325
101,t1_lg8juqk,1,0,0,9,1.0
102,t1_lf93rnv,1,0,0,22,0.1282798833819242
103,t1_lhc0c0j,1,0,0,128,0.7463556851311953
104,t1_ldfeg96,30,0,0,86,0.5430149960536701
105,t1_ldff3hc,11,0,0,30,0.1894238358326756
106,t1_ldfiq0z,3,1,0,154,0.9723756906077348
107,t1_ldgdz68,3,0,0,138,0.8713496448303079
108,t1_ldjzaes,3,0,0,236,1.490134175217048
109,t1_ldfwsqu,2,0,0,33,0.20836621941594316
110,t1_ldgrr3s,2,0,0,149,0.9408050513022889
111,t1_ldfeimv,3,0,0,82,0.5177584846093133
112,t1_ldpz910,26,0,0,9,0.13682432432432434
113,t1_ldqhj67,24,0,0,11,0.16722972972972974
114,t1_ldq1gvm,20,0,0,75,1.1402027027027029
115,t1_ldrf11i,5,0,0,50,0.7601351351351352
116,t1_ldq37pr,9,1,0,36,0.5472972972972974
117,t1_ldq78mr,4,0,0,67,1.0185810810810811
118,t1_ldqctcm,3,0,0,90,1.3682432432432434
119,t1_ldqps5c,3,0,0,3,0.045608108108108114
120,t1_ldr9rcg,2,0,0,153,2.3260135135135136
121,t1_lgr8c74,1,0,0,99,1.0
122,t1_ldksagd,102,0,0,243,2.1782868525896415
123,t1_ldkwigw,13,0,0,30,0.2689243027888446
124,t1_ldl6dc7,8,0,0,49,0.4392430278884462
125,t1_ldl9zxb,7,0,0,217,1.9452191235059761
126,t1_ldln0wf,7,0,0,114,1.0219123505976095
127,t1_ldl86xr,5,0,0,21,0.18824701195219123
128,t1_ldmkqs1,5,0,0,75,0.6723107569721115
129,t1_ldkqu40,4,0,0,176,1.5776892430278884
130,t1_ldle0l7,6,0,0,20,0.17928286852589642
131,t1_lgwfuc6,28,0,0,72,0.6435754189944134
132,t1_lgwh5hi,24,0,0,81,0.7240223463687151
133,t1_lgy8ov8,4,0,0,137,1.2245810055865922
134,t1_lh06vyw,3,0,0,135,1.2067039106145252
135,t1_lgx76op,4,0,0,56,0.5005586592178771
136,t1_lh140a4,1,0,0,85,0.7597765363128491
137,t1_lh9emph,1,1,0,31,0.2770949720670391
138,t1_lhjr8rr,1,0,0,160,1.4301675977653632
139,t1_lf7yar3,50,0,0,26,0.6591549295774648
140,t1_lf84izh,32,1,0,22,0.5577464788732395
141,t1_lf7ziza,13,0,0,30,0.7605633802816901
142,t1_lf80xpe,7,0,0,39,0.9887323943661972
143,t1_lf7yvvb,9,0,0,6,0.15211267605633805
144,t1_lf7zqzr,4,0,0,23,0.5830985915492958
145,t1_lf88eey,5,0,0,37,0.9380281690140846
146,t1_lf8njh3,2,0,0,70,1.7746478873239437
147,t1_lfbt1ir,2,0,0,5,0.1267605633802817
148,t1_ldf0p47,1,0,0,35,0.21341463414634146
149,t1_led3fpu,1,0,0,258,0.23756906077348067
150,t1_ledgl2q,1,2,0,68,0.06261510128913444
151,t1_letmofs,3,0,0,90,1.4634146341463414
152,t1_lf0l3ko,1,0,0,33,0.5365853658536586
153,t1_leipiqm,10,0,0,53,0.12100456621004566
154,t1_leizldw,24,1,0,69,0.15753424657534246
155,t1_lei5b6l,26,3,0,441,1.0068493150684932
156,t1_lej2iss,5,1,0,228,0.5205479452054794
157,t1_let1oqr,9,0,0,8,0.07339449541284404
158,t1_lesmp81,1,1,0,129,1.18348623853211
159,t1_let027i,1,0,0,143,1.311926605504587
160,t1_leu44gy,2,0,0,9,0.08256880733944955
161,t1_lefxzil,68,0,0,118,1.3387358184764993
162,t1_lefef3g,24,0,0,35,0.39708265802269044
163,t1_lefqw3f,16,0,0,76,0.8622366288492707
164,t1_leemiw7,45,1,0,52,0.5899513776337115
165,t1_lefqp4s,37,1,0,9,0.10210696920583469
166,t1_lei43z1,9,0,0,13,0.14748784440842788
167,t1_lef20kc,8,1,0,171,1.940032414910859
168,t1_lfg7525,8,0,0,10,0.053763440860215055
169,t1_lfglxjf,15,2,0,45,0.24193548387096775
170,t1_lfoj0pz,6,0,0,142,0.6417043253712073
171,t1_lfotogo,4,1,0,43,0.19431891542930924
172,t1_lfoig45,1,1,0,407,1.8392511297611362
173,t1_lfonspo,1,0,0,46,0.20787604906391222
174,t1_lfqznkn,1,0,0,147,0.6642995480955456
175,t1_lfry08m,1,0,0,127,0.5739186571981924
176,t1_lgh1keb,1,0,0,94,0.42479018721755973
177,t1_lfhhoig,2,0,0,455,1.047180667433832
178,t1_lfhjsru,1,1,0,275,0.6329113924050633
179,t1_le4ea62,5,0,0,232,0.5714285714285714
180,t1_le5ia0j,3,1,0,499,1.229064039408867
181,t1_lcyz6zc,4,0,0,33,1.0
182,t1_ldny8xs,1,0,0,121,1.0027624309392265
183,t1_ldohuu5,1,0,0,122,1.011049723756906
184,t1_ldp5bru,2,0,0,119,0.9861878453038674
185,t1_lh7kw5l,19,0,0,37,0.23500352858151022
186,t1_lh7xzw3,12,1,0,267,1.6958362738179251
187,t1_lh86n8o,6,0,0,176,1.1178546224417782
188,t1_lh7w0ny,16,0,0,160,1.0162314749470711
189,t1_lh7hok7,10,0,0,47,0.29851799576570215
190,t1_lh91u1t,3,0,0,101,0.6414961185603387
191,t1_lh7j2gk,4,0,0,119,0.7558221594918842
192,t1_lh8bogo,2,0,0,141,0.8955539872971064
193,t1_lh8yhkx,2,0,0,87,0.55257586450247
194,t1_lde87va,24,0,0,102,0.9272727272727272
195,t1_ldeyvtq,7,0,0,11,0.1
196,t1_ldez9gg,5,0,0,87,0.7909090909090909
197,t1_ldec4x4,4,0,0,64,0.5818181818181818
198,t1_lde9f06,2,0,0,350,3.1818181818181817
199,t1_ldhe91x,2,0,0,7,0.06363636363636363
200,t1_ldeujfc,1,0,0,10,0.09090909090909091
201,t1_lfs72dy,3,0,0,45,0.2107728337236534
202,t1_lfs9lox,2,1,0,123,0.5761124121779859
203,t1_lfsfzgn,2,0,0,219,1.0257611241217799
204,t1_lft1vaa,1,0,0,11,0.05152224824355972
205,t1_leuecy8,1,0,0,126,0.8689655172413793
206,t1_lew5qqc,2,1,0,87,0.6
207,t1_levubdq,1,1,0,66,0.45517241379310347
208,t1_lew5bc6,1,1,0,15,0.10344827586206896
209,t1_lhaojup,23,0,0,119,2.25
210,t1_lhbp271,22,1,0,13,0.2457983193277311
211,t1_lhd9fz4,14,0,0,72,1.361344537815126
212,t1_lhbacnf,10,0,0,104,1.9663865546218489
213,t1_lhald82,6,0,0,40,0.7563025210084034
214,t1_lha37qr,16,0,0,4,0.07563025210084034
215,t1_lhan85x,4,0,0,79,1.4936974789915967
216,t1_lhaz7j9,2,0,0,17,0.32142857142857145
217,t1_lhd91in,3,0,0,15,0.28361344537815125
218,t1_lhuso17,14,0,0,138,1.0222222222222221
219,t1_lhuvqay,13,0,0,16,0.11851851851851852
220,t1_lhuu8an,11,0,0,16,0.11851851851851852
221,t1_lhuty6k,8,0,0,31,0.22962962962962963
222,t1_lhuvoia,10,0,0,269,1.9925925925925927
223,t1_lhvjqpi,5,0,0,98,0.725925925925926
224,t1_lhutyqj,4,0,0,74,0.5481481481481482
225,t1_lhvwlpe,4,0,0,318,2.3555555555555556
226,t1_lhv8gkf,3,0,0,195,1.4444444444444444
227,t1_lhvill3,3,0,0,195,1.4444444444444444
228,t1_ldahxz3,7,0,0,58,0.4027777777777778
229,t1_ldakz73,4,1,0,212,1.4722222222222223
230,t1_ldaowvz,2,0,0,224,1.5555555555555556
231,t1_ldbf6oa,2,0,0,8,0.05555555555555555
232,t1_lddqzo3,2,0,0,59,0.4097222222222222
233,t1_ldauc7h,1,0,0,124,0.8611111111111112
234,t1_ldb99ee,1,0,0,177,1.2291666666666667
235,t1_ldbp8fe,1,0,0,28,0.19444444444444445
236,t1_lfxfdtd,2,0,0,37,0.9173553719008264
237,t1_lfy0wg5,1,0,0,32,0.793388429752066
238,t1_lfzs0pa,2,0,0,52,1.2892561983471074
239,t1_lg2ymgu,12,0,0,124,0.48311688311688306
240,t1_lg38c6r,2,1,0,274,1.0675324675324676
241,t1_lg5z97e,1,0,0,90,0.3506493506493506
242,t1_leoxyyy,12,0,0,196,2.125301204819277
243,t1_leprise,4,0,0,7,0.07590361445783132
244,t1_leoxlie,3,0,0,208,2.255421686746988
245,t1_lepf98a,2,0,0,55,0.5963855421686747
246,t1_lephwhn,1,0,0,164,1.778313253012048
247,t1_les04bh,1,0,0,9,0.09759036144578312
248,t1_leskjxk,1,0,0,99,1.0734939759036144
249,t1_let04g4,1,0,0,40,0.4337349397590361
250,t1_leu9t3q,1,0,0,9,0.09759036144578312
251,t1_led2umk,1,0,0,76,0.8085106382978723
252,t1_lg90tzk,72,0,0,57,0.51953125
253,t1_lg9uc02,13,0,0,44,0.4010416666666667
254,t1_lg919u3,25,1,0,65,0.5924479166666667
255,t1_lgcxuu1,6,0,0,182,1.6588541666666667
256,t1_lg9rgsg,5,0,0,81,0.73828125
257,t1_lg8wcl6,8,0,0,74,0.6744791666666667
258,t1_lg8rdmr,10,1,0,10,0.09114583333333334
259,t1_lgkfx71,4,0,0,61,0.3164721141374838
260,t1_lgny6fn,2,0,0,130,0.6744487678339819
261,t1_lgq7sjj,1,0,0,410,2.127107652399481
262,t1_lgy6sjj,0,0,0,170,0.8819714656290532
263,t1_ldxxnfo,33,0,0,165,2.0030349013657056
264,t1_ldy31fz,6,0,0,16,0.19423368740515934
265,t1_ldy4mnn,6,0,0,12,0.1456752655538695
266,t1_ldyj7cb,5,0,0,79,0.9590288315629742
267,t1_ldxvvud,7,0,0,26,0.3156297420333839
268,t1_ldy2w9r,7,0,0,46,0.5584218512898331
269,t1_ldz5cxx,3,0,0,72,0.874051593323217
270,t1_le0zuag,3,0,0,120,1.456752655538695
271,t1_lf86lf5,15,0,0,204,1.2710280373831775
272,t1_lf84stp,15,0,0,53,0.3302180685358255
273,t1_lf89uea,4,0,0,70,0.43613707165109034
274,t1_lf9anvx,4,1,0,246,1.5327102803738317
275,t1_lf880zt,3,0,0,103,0.6417445482866043
276,t1_lf908ry,2,0,0,37,0.23052959501557632
277,t1_lf99ald,2,0,0,65,0.40498442367601245
278,t1_lf85ygo,1,0,0,64,0.3987538940809969
279,t1_lg11esc,7,0,0,103,1.0
280,t1_lhfb2i3,11,0,0,149,1.8509316770186335
281,t1_lheo7uk,20,0,0,72,0.8944099378881988
282,t1_lhewvx0,7,1,0,7,0.08695652173913043
283,t1_lheql0g,4,0,0,33,0.40993788819875776
284,t1_lhf1q6m,3,0,0,18,0.2236024844720497
285,t1_lhf4ui1,3,0,0,86,1.0683229813664596
286,t1_lhepd08,5,0,0,76,0.9440993788819876
287,t1_lhestj8,4,0,0,92,1.1428571428571428
288,t1_lewslu6,15,0,0,46,0.5348837209302325
289,t1_lewxkuq,7,0,0,73,0.8488372093023255
290,t1_lewvd63,4,0,0,41,0.47674418604651164
291,t1_lewo08v,12,1,0,94,1.0930232558139534
292,t1_lewywo3,2,0,0,3,0.03488372093023256
293,t1_lex1fos,2,1,0,15,0.1744186046511628
294,t1_lex82b3,2,0,0,75,0.872093023255814
295,t1_lex87bk,2,0,0,145,1.686046511627907
296,t1_lhrn2oe,1,0,0,252,0.6268656716417911
297,t1_ldkg0fh,17,0,1,87,0.3972602739726027
298,t1_ldl3f9m,6,2,0,81,0.3698630136986301
299,t1_ldkewsq,1,0,0,227,1.0365296803652968
300,t1_lgtl8t1,25,0,0,10,0.08820286659316427
301,t1_lgtdhex,15,0,0,55,0.48511576626240355
302,t1_lgtpywg,4,0,0,230,2.028665931642778
303,t1_lgv0s4f,4,0,0,94,0.8291069459757442
304,t1_lgw8hmk,4,0,0,43,0.37927232635060637
305,t1_lgtbtjq,6,1,0,206,1.8169790518191842
306,t1_lguqa0z,3,0,0,7,0.06174200661521499
307,t1_lgv34j8,3,0,0,7,0.06174200661521499
308,t1_ldd37yo,11,0,0,23,0.09236947791164658
309,t1_ldcjtq8,10,3,0,57,0.2289156626506024
310,t1_ldbs48k,4,0,0,108,0.43373493975903615
311,t1_ldck0xp,3,0,0,174,0.6987951807228916
312,t1_lddwany,3,7,0,188,0.7550200803212851
313,t1_ldbswh8,5,2,0,410,1.6465863453815262
314,t1_lcspnj3,5,1,0,49,0.3166397415185784
315,t1_lcshh46,3,2,0,35,0.22617124394184168
316,t1_lctq9oq,2,1,0,66,0.42649434571890144
317,t1_lcsw9ue,1,0,0,8,0.051696284329563816
318,t1_lhrq8du,6,0,0,101,0.33499170812603646
319,t1_lht8isl,1,1,0,202,0.6699834162520729
320,t1_lgf4lhv,6,0,0,52,0.8946236559139785
321,t1_lgf7v8a,5,0,0,190,3.2688172043010755
322,t1_lgf9g43,3,0,0,9,0.15483870967741936
323,t1_lgf2hs9,4,1,0,18,0.3096774193548387
324,t1_lgf5jnp,2,0,0,32,0.5505376344086022
325,t1_lgf8g4v,2,0,0,25,0.43010752688172044
326,t1_lgfa1nl,2,0,0,103,1.772043010752688
327,t1_lgffwh0,2,1,0,16,0.2752688172043011
328,t1_lf7niy0,6,0,0,218,1.4870395634379263
329,t1_lf7qvru,4,0,0,42,0.28649386084583905
330,t1_lf7wm88,2,0,0,120,0.8185538881309686
331,t1_lfamhsx,1,0,0,70,0.47748976807639837
332,t1_lfargcs,1,0,0,283,1.9304229195088678
333,t1_lf775bm,1,0,0,99,1.3655172413793104
334,t1_lfc1noo,1,0,0,46,0.6344827586206897
335,t1_lhy4w3i,1,0,0,130,0.4012345679012346
336,t1_ld0ga6c,5,0,0,32,0.19753086419753085
337,t1_ld0gdmr,4,0,0,87,0.5370370370370371
338,t1_ld0t34a,2,1,0,147,0.9074074074074074
339,t1_ldhjk5s,2,0,0,130,0.8024691358024691
340,t1_ld1gb3j,1,0,0,87,0.5370370370370371
341,t1_ldifcg6,1,0,0,287,1.771604938271605
342,t1_ld77oui,0,0,0,220,1.3580246913580247
343,t1_lgs7rm1,61,0,0,154,1.830911492734478
344,t1_lgsdqqo,60,1,0,187,2.223249669749009
345,t1_lgrxdn1,25,0,0,77,0.915455746367239
346,t1_lgswia1,22,0,0,112,1.331571994715984
347,t1_lgt8nm3,18,0,0,6,0.071334214002642
348,t1_lgrxjs2,52,0,0,7,0.083223249669749
349,t1_lgtvplj,17,0,0,8,0.095112285336856
350,t1_lgtw8g9,14,0,0,146,1.735799207397622
351,t1_lgsjnca,31,0,0,7,0.083223249669749
352,t1_lepm2o0,7,0,0,35,0.4438405797101449
353,t1_lepkzr1,4,1,0,51,0.6467391304347826
354,t1_let2lr0,2,0,0,41,0.519927536231884
355,t1_leq7gou,1,0,0,192,2.434782608695652
356,t1_leqzg2e,1,0,0,6,0.07608695652173912
357,t1_let7dbl,1,0,0,7,0.08876811594202898
358,t1_lf5j6sv,1,0,0,91,1.1539855072463767
359,t1_ledslgq,5,0,0,19,0.13194444444444445
360,t1_ledsdsf,6,0,0,169,1.1736111111111112
361,t1_leigyfx,3,1,0,215,1.4930555555555556
362,t1_leera2h,-1,0,0,64,0.4444444444444444
363,t1_lg3w9jl,43,0,0,44,0.2913907284768212
364,t1_lg4bi08,26,1,0,161,1.0662251655629138
365,t1_lg3vg19,16,0,0,88,0.5827814569536424
366,t1_lg40erx,42,0,0,59,0.39072847682119205
367,t1_lg41gdq,10,1,0,225,1.490066225165563
368,t1_lg3x9kh,9,0,0,179,1.185430463576159
369,t1_lg5k10t,4,0,0,194,1.2847682119205297
370,t1_lg7iv3m,4,0,0,78,0.5165562913907285
371,t1_lgbcwyz,4,0,0,76,0.6261585993820803
372,t1_lgcpb6p,2,1,0,72,0.5932028836251287
373,t1_lgd4q2q,2,1,0,109,0.898043254376931
374,t1_lgdbize,2,0,0,36,0.29660144181256437
375,t1_lgdr2al,2,0,0,498,4.102986611740474
376,t1_lgdw21j,2,0,0,14,0.11534500514933059
377,t1_lgewgvv,2,0,0,11,0.09062821833161688
378,t1_lgoc6ap,1,0,0,3,0.024716786817713696
379,t1_ldmxypo,33,0,0,150,0.9950248756218906
380,t1_ldm9d9e,28,0,0,69,0.4577114427860697
381,t1_ldmcw7d,12,0,0,161,1.0679933665008292
382,t1_ldpp4lq,6,0,0,343,2.275290215588723
383,t1_ldn5ctw,5,0,0,70,0.46434494195688225
384,t1_ldmar2r,8,0,0,4,0.026533996683250415
385,t1_ldmz64x,4,0,0,114,0.7562189054726368
386,t1_ldo58ch,3,0,0,102,0.6766169154228856
387,t1_lcyqlht,2,0,0,150,0.7218479307025986
388,t1_lcze6l8,2,0,0,150,0.7218479307025986
389,t1_lcxmmkc,1,0,0,311,1.4966313763233878
390,t1_lcycvjq,1,1,0,285,1.3715110683349374
391,t1_ldcapwr,1,0,0,104,0.5004812319538017
392,t1_lhrl3u0,1,0,0,17,1.0
393,t1_ldx7rce,9,0,0,51,0.27661016949152545
394,t1_ldxz4hm,8,1,0,321,1.7410169491525425
395,t1_ldzbsrf,4,0,0,65,0.3525423728813559
396,t1_ldx6lyq,2,0,0,196,1.063050847457627
397,t1_ldxgwua,2,0,0,200,1.0847457627118644
398,t1_ldxe225,1,0,0,60,0.3254237288135593
399,t1_ldxi33q,1,0,0,102,0.5532203389830509
400,t1_le3haf3,2,0,0,465,2.522033898305085
401,t1_ldduags,3,0,0,150,1.3677811550151975
402,t1_ldc58l1,2,0,0,121,1.1033434650455927
403,t1_ldga1qx,0,0,0,58,0.5288753799392097
404,t1_lcr802v,1,0,0,65,0.24761904761904763
405,t1_lcrn5zm,1,1,0,30,0.11428571428571428
406,t1_lcsu6xw,1,1,0,56,0.21333333333333335
407,t1_lcx2rw1,1,0,0,529,2.0152380952380953
408,t1_ldbwsd3,4,0,0,1038,2.590374331550802
409,t1_ldc38px,4,0,0,492,1.227807486631016
410,t1_ldcg8rg,3,0,0,197,0.4916221033868093
411,t1_ldcgzzx,3,1,0,288,0.718716577540107
412,t1_ldeqjuj,2,1,0,91,0.22709447415329767
413,t1_ldfswbm,1,0,0,246,0.613903743315508
414,t1_ldbu86u,1,0,0,134,0.3344028520499109
415,t1_lgmjjt3,2,0,0,51,1.0
416,t1_ledz44s,1,0,0,18,0.08695652173913043
417,t1_leeklgl,1,1,0,114,0.5507246376811594
418,t1_leiiokh,1,1,0,82,0.3961352657004831
419,t1_lenzaei,1,0,0,333,1.608695652173913
420,t1_ldep9zc,31,1,0,61,0.2791762013729977
421,t1_lddwxud,39,22,0,507,2.320366132723112
422,t1_lddujmb,54,9,0,83,0.37986270022883295
423,t1_ldduti2,34,3,0,130,0.5949656750572082
424,t1_ldej0rj,54,1,0,12,0.05491990846681922
425,t1_ldegzwo,17,1,0,180,0.8237986270022883
426,t1_lf49bz9,1,0,0,29,1.0
427,t1_lgyrqco,6,0,0,36,0.3383458646616541
428,t1_lgyq6uj,5,0,0,111,1.0432330827067668
429,t1_lgykyvo,2,0,0,39,0.3665413533834586
430,t1_lgzbkq1,1,0,0,69,0.6484962406015037
431,t1_lh06v9o,1,0,0,15,0.14097744360902256
432,t1_lh0fpw2,1,0,0,202,1.8984962406015036
433,t1_lh0gq9s,1,1,0,415,3.900375939849624
434,t1_lh1ocri,1,0,0,121,1.1372180451127818
435,t1_lh38tze,1,0,0,4,0.03759398496240601
436,t1_lhoell3,1,0,0,52,0.48872180451127817
437,t1_leplbar,11,0,0,98,0.6666666666666666
438,t1_lepmiw3,22,2,0,130,0.8843537414965986
439,t1_lephee4,8,0,0,46,0.3129251700680272
440,t1_lepn8vb,8,0,0,22,0.14965986394557823
441,t1_lepl5xu,14,1,0,33,0.22448979591836735
442,t1_lera4uv,5,0,0,121,0.8231292517006803
443,t1_lepdpv6,8,1,0,69,0.46938775510204084
444,t1_lhky6l0,2,0,0,25,0.30627871362940273
445,t1_lhlknpe,2,0,0,61,0.7473200612557427
446,t1_lhpd90w,2,1,0,125,1.5313935681470139
447,t1_lhl65gj,1,0,0,32,0.39203675344563554
448,t1_lhld19q,1,0,0,5,0.06125574272588055
449,t1_lhlib4b,1,0,0,20,0.2450229709035222
450,t1_lhlka82,1,1,0,49,0.6003062787136294
451,t1_lhlo3ny,1,1,0,69,0.8453292496171516
452,t1_lfnt0zf,10,0,0,196,1.3436161096829478
453,t1_lfoje4k,7,0,0,79,0.5415595544130248
454,t1_lfnz6k5,6,1,0,204,1.398457583547558
455,t1_lfnwuxt,3,0,0,29,0.19880034275921166
456,t1_lfo7la1,3,0,0,24,0.16452442159383032
457,t1_lfobc98,3,0,0,219,1.5012853470437018
458,t1_lfpnzjv,3,0,0,39,0.26735218508997427
459,t1_lfnzb24,3,0,0,346,2.3718937446443875
460,t1_lf0oooj,14,0,0,88,0.9361702127659575
461,t1_lf2t0nw,8,1,0,177,1.8829787234042554
462,t1_lf0q8o5,4,1,0,36,0.3829787234042553
463,t1_lf92ku3,2,0,0,44,0.46808510638297873
464,t1_lf0yj6r,3,0,0,110,1.1702127659574468
465,t1_lf52dja,2,0,0,85,0.9042553191489362
466,t1_lf2l0qg,1,0,0,39,0.4148936170212766
467,t1_lff8fc3,1,0,0,36,0.3829787234042553
468,t1_lhsderf,13,0,0,112,0.6762264150943397
469,t1_lht7pe4,5,4,0,199,1.201509433962264
470,t1_lhtn6ab,4,3,0,52,0.3139622641509434
471,t1_lht5by8,3,0,0,116,0.700377358490566
472,t1_lhsq1j4,2,4,0,119,0.7184905660377359
473,t1_lht12dj,2,1,0,86,0.519245283018868
474,t1_lhsw17w,1,0,0,338,2.040754716981132
475,t1_lht9al5,1,2,0,97,0.5856603773584905
476,t1_lhi4pv4,2,0,0,16,0.0761904761904762
477,t1_lhey947,1,1,0,92,0.4380952380952381
478,t1_lfsmyec,1,0,0,127,0.5
479,t1_le82yu9,3,0,0,173,0.9818388195232691
480,t1_le8cmoc,3,1,0,68,0.38592508513053353
481,t1_le7vivc,1,1,0,174,0.9875141884222475
482,t1_le8qh81,1,0,0,16,0.09080590238365495
483,t1_le9udwr,1,0,0,190,1.0783200908059025
484,t1_ld8066i,23,0,0,69,0.4825174825174825
485,t1_ld7hy1x,12,0,0,18,0.1258741258741259
486,t1_ld7nus1,6,6,0,249,1.7412587412587412
487,t1_ld7w3ig,5,2,0,12,0.08391608391608392
488,t1_ld7xxrx,4,4,0,189,1.3216783216783217
489,t1_ld9wcub,4,0,0,8,0.055944055944055944
490,t1_ld87923,3,1,0,44,0.3076923076923077
491,t1_lhp9uk9,2,0,0,130,1.0612244897959184
492,t1_lhplvrw,1,0,0,90,0.7346938775510204
493,t1_levzj1h,2,0,0,43,0.33076923076923076
494,t1_lewrwkm,1,1,0,41,0.3153846153846154
495,t1_lexue6m,1,1,0,163,1.2538461538461538
496,t1_lem5zo4,2,0,0,183,1.3357664233576643
497,t1_lezjhuf,1,0,0,91,0.6642335766423357
498,t1_lcutmmq,3,0,0,52,0.5459317585301837
499,t1_lcuhsk8,2,0,0,120,1.2598425196850394
500,t1_lcviz0t,2,0,0,157,1.6482939632545932
501,t1_ld3h4ou,1,0,0,15,0.15748031496062992
502,t1_ldqtiqs,8,0,0,118,0.33666191155492153
503,t1_ldqham4,4,2,0,225,0.6419400855920114
504,t1_ledgp5h,1,0,0,131,0.6894736842105263
505,t1_leiboqq,3,0,0,140,0.8805031446540881
506,t1_legz1lj,1,0,0,178,1.119496855345912
507,t1_lfe9hxe,7,0,0,31,0.5081967213114754
508,t1_lfet8y0,1,0,0,47,0.7704918032786885
509,t1_lfevrmg,1,0,0,45,0.7377049180327869
510,t1_lffp93e,1,0,0,31,0.5081967213114754
511,t1_lfgc3cu,1,0,0,22,0.36065573770491804
512,t1_lfgciqu,1,0,0,21,0.3442622950819672
513,t1_lfgmq55,1,0,0,183,3.0
514,t1_lfhx4mk,1,0,0,40,0.6557377049180327
515,t1_ld8cyco,1,0,0,340,1.0
516,t1_lft289d,43,12,0,139,1.3017689906347556
517,t1_lfsx04k,31,1,0,93,0.8709677419354839
518,t1_lft08fb,27,5,0,88,0.8241415192507805
519,t1_lfsvgex,72,37,0,85,0.7960457856399584
520,t1_lftcelz,11,3,0,125,1.170655567117586
521,t1_lfswaun,22,0,0,101,0.9458896982310094
522,t1_lfszxb3,16,3,0,139,1.3017689906347556
523,t1_lfxjwsm,8,0,0,125,1.170655567117586
524,t1_lfsxpf4,22,8,0,42,0.3933402705515089
525,t1_lhw1ijs,30,0,0,108,1.0434782608695652
526,t1_lhwfcvp,6,0,0,9,0.08695652173913043
527,t1_lhw7x95,4,0,0,136,1.3140096618357489
528,t1_lhw8hdy,4,0,0,252,2.4347826086956523
529,t1_lhwp9iu,4,0,0,131,1.2657004830917875
530,t1_lhx4iro,4,0,0,54,0.5217391304347826
531,t1_lhw8m3h,6,1,0,6,0.057971014492753624
532,t1_lhz73g1,3,0,0,12,0.11594202898550725
533,t1_lfi01da,2,0,0,58,0.3918918918918919
534,t1_lfi6afv,1,0,0,220,1.4864864864864864
535,t1_lg868ua,1,0,0,157,1.0608108108108107
536,t1_lh322ca,2,0,0,32,1.0
537,t1_lf294fe,3,0,0,109,0.45041322314049587
538,t1_lgg368p,4,0,0,10,0.1282051282051282
539,t1_lgiypht,3,1,0,77,0.9871794871794872
540,t1_lghdo2k,2,1,0,25,0.32051282051282054
541,t1_lgfrpuv,4,1,0,134,1.7179487179487178
542,t1_lgg5bzg,3,1,0,53,0.6794871794871795
543,t1_ldnwarr,3,0,0,164,1.5471698113207548
544,t1_ldpzoro,1,0,0,93,0.8773584905660378
545,t1_lfjkvtg,1,0,0,61,0.5754716981132075
546,t1_lfy2exn,1,0,0,11,0.07446808510638298
547,t1_lfybtgp,1,0,0,82,0.5551257253384912
548,t1_lg3n4ax,1,0,0,269,1.8210831721470018
549,t1_lg3y7u1,1,0,0,225,1.5232108317214699
550,t1_lgrbhu3,1,0,0,90,0.609284332688588
551,t1_lfxorx1,1,1,0,36,0.2437137330754352
552,t1_lg0r72q,0,0,0,289,1.9564796905222437
553,t1_ldmag5u,3,0,0,70,0.4434389140271493
554,t1_ldm075w,1,0,0,68,0.43076923076923074
555,t1_ldmahhy,1,0,0,31,0.19638009049773755
556,t1_ldmejml,1,0,0,167,1.0579185520361991
557,t1_ldqgpkh,1,0,0,13,0.08235294117647059
558,t1_ldrfc7c,1,0,0,260,1.6470588235294117
559,t1_lejvfx6,1,0,0,251,1.5900452488687782
560,t1_lfl60t5,7,0,0,21,1.0
561,t1_lhgs4e3,1,0,0,85,0.5059523809523809
562,t1_lgollwn,2,0,0,161,0.5078864353312302
563,t1_lhwy39x,20,0,1,43,0.6672413793103449
564,t1_lhx9hf5,7,0,0,6,0.09310344827586207
565,t1_lhys7bn,7,0,0,78,1.210344827586207
566,t1_lhyk5xz,5,0,0,47,0.7293103448275863
567,t1_li02nyu,5,0,0,72,1.1172413793103448
568,t1_lhy1g82,2,0,0,67,1.0396551724137932
569,t1_li05nur,2,0,0,97,1.5051724137931035
570,t1_li07a4l,2,0,0,81,1.256896551724138
571,t1_li0aq9h,2,0,0,55,0.853448275862069
572,t1_lfgt0r2,8,0,0,55,0.45267489711934156
573,t1_lfgykz8,3,0,0,83,0.6831275720164609
574,t1_lfgtskh,2,1,0,11,0.09053497942386832
575,t1_lfiffzj,1,1,0,83,0.6831275720164609
576,t1_lfisoyd,1,0,0,203,1.6707818930041152
577,t1_lfiw5qe,1,0,0,150,1.2345679012345678
578,t1_lfrl16n,1,0,0,18,0.9473684210526315
579,t1_lfrvw2j,1,0,0,20,1.0526315789473684
580,t1_lhr60gi,7,0,0,72,0.5261875761266748
581,t1_lhrax1p,1,1,0,13,0.09500609013398294
582,t1_lhrdavt,1,1,0,23,0.16808769792935443
583,t1_lhrop47,1,1,0,28,0.20462850182704018
584,t1_lhtl4ut,1,1,0,130,0.9500609013398295
585,t1_lhrl37q,1,0,0,106,0.7746650426309378
586,t1_lf8wi7b,2,0,0,22,0.09821428571428571
587,t1_lf93sl3,2,0,0,182,0.8125
588,t1_lfamc81,1,1,0,27,0.12053571428571429
589,t1_lfaxp0t,1,1,0,15,0.06696428571428571
590,t1_lfb8eev,1,1,0,76,0.3392857142857143
591,t1_leul1cz,2,0,0,57,0.5856164383561644
592,t1_leuskm7,1,0,0,106,1.089041095890411
593,t1_lew2y0d,1,0,0,16,0.16438356164383564
594,t1_lfjou2q,3,0,0,76,0.7663865546218487
595,t1_lflp335,2,0,0,48,0.48403361344537815
596,t1_lfjpoap,1,0,0,198,1.9966386554621849
597,t1_lfjwn55,1,1,0,104,1.0487394957983194
598,t1_lfkbvpt,1,0,0,67,0.6756302521008403
599,t1_lfl2a00,1,0,0,44,0.4436974789915966
600,t1_lge7c7j,3,0,0,49,0.14984709480122324
601,t1_lgfrrj1,2,1,0,354,1.0825688073394495
602,t1_lfrutkq,3,0,0,32,0.38247011952191234
603,t1_lfs2j4j,1,1,0,92,1.099601593625498
604,t1_lfsdca2,1,0,0,78,0.9322709163346613
605,t1_lgwxb5c,2,0,0,217,0.3117816091954023
606,t1_lhpcrmn,41,2,0,136,0.8486739469578783
607,t1_lhpk102,13,0,0,380,2.371294851794072
608,t1_lhox1wn,18,11,0,46,0.2870514820592824
609,t1_lhp9mk3,6,0,0,54,0.3369734789391576
610,t1_lhox8hs,4,1,0,80,0.49921996879875197
611,t1_lhp14vy,3,1,0,96,0.5990639625585024
612,t1_lhpuj0n,2,0,0,187,1.1669266770670828
613,t1_lhptkoy,3,7,0,93,0.5803432137285491
614,t1_ldptb1n,2,0,0,74,0.4457831325301205
615,t1_ldpzco6,2,0,0,319,1.9216867469879517
616,t1_ldpgbg6,1,1,0,19,0.1144578313253012
617,t1_ldq2e8r,1,1,0,80,0.4819277108433735
618,t1_le1wd1h,2,0,0,129,0.7771084337349398
619,t1_lcvaxvu,3,0,0,89,0.8503184713375795
620,t1_lcvaql1,2,1,0,91,0.8694267515923566
621,t1_lcybh0p,2,1,0,107,1.0222929936305731
622,t1_lfl7eus,13,0,0,76,0.6570605187319885
623,t1_lfl7wdg,4,0,0,22,0.19020172910662825
624,t1_lflqg80,3,1,0,100,0.8645533141210374
625,t1_lfqowlb,2,1,0,86,0.7435158501440922
626,t1_lflwxnn,1,0,0,69,0.5965417867435159
627,t1_lfm99fj,1,0,0,78,0.6743515850144092
628,t1_lhy2y1f,4,0,0,8,0.051546391752577324
629,t1_lhy9tnn,2,1,0,6,0.03865979381443299
630,t1_lhyu6j4,2,1,0,103,0.6636597938144331
631,t1_li19ibr,2,1,0,221,1.4239690721649485
632,t1_li1felm,2,1,0,91,0.586340206185567
633,t1_lflee65,5,0,0,180,1.1612903225806452
634,t1_lfk6lju,3,1,0,61,0.3935483870967742
635,t1_lek0rys,16,0,0,12,0.1681260945709282
636,t1_lek2bvg,21,0,0,11,0.15411558669001751
637,t1_lel2ffp,3,0,0,41,0.574430823117338
638,t1_lenclro,2,0,0,101,1.415061295971979
639,t1_lemxba3,1,0,0,65,0.9106830122591943
640,t1_lenetot,1,0,0,4,0.05604203152364273
641,t1_leni07c,1,0,0,60,0.840630472854641
642,t1_lelth1x,0,0,0,277,3.8809106830122593
643,t1_lgx6zhl,7,0,0,144,0.6433358153387937
644,t1_lgtgpsa,4,1,0,80,0.3574087862993298
645,t1_lgt6jwo,4,0,0,149,0.6656738644825019
646,t1_lgwutf4,2,0,0,831,3.7125837676842885
647,t1_lgtudi1,1,0,0,85,0.37974683544303794
648,t1_lgwcdif,1,0,0,5,0.022338049143708114
649,t1_lgbv6dm,5,0,0,7,0.20437956204379562
650,t1_lgd7irz,1,0,0,31,0.9051094890510949
651,t1_lgfq1li,1,0,0,17,0.49635036496350365
652,t1_lghblnw,1,1,0,27,0.7883211678832117
653,t1_lgoee16,1,0,0,119,1.0347826086956522
654,t1_lgoxas8,1,1,0,10,0.08695652173913043
655,t1_lgqivvw,1,0,0,153,1.3304347826086957
656,t1_lgshyuk,1,1,0,16,0.1391304347826087
657,t1_lh3sxuo,73,0,0,17,0.172686230248307
658,t1_lh3ug8o,20,1,0,8,0.08126410835214447
659,t1_lh3evsf,44,0,0,47,0.47742663656884876
660,t1_lh3m6jk,47,0,0,15,0.1523702031602709
661,t1_lh3n772,26,0,0,610,6.196388261851016
662,t1_lh3e68v,63,0,0,6,0.060948081264108354
663,t1_lh4zpuv,11,0,0,10,0.10158013544018059
664,t1_lh3kzxa,32,0,0,7,0.07110609480812641
665,t1_lh3raph,23,0,0,8,0.08126410835214447
666,t1_lehypux,2,0,0,269,1.1582346609257266
667,t1_lemhrd3,2,0,0,162,0.697524219590958
668,t1_lhvwa2g,1,0,0,212,0.9128094725511302
669,t1_lhwal45,1,0,0,139,0.5984930032292788
670,t1_lhvz9zb,3,0,0,25,0.847457627118644
671,t1_lhvzrmv,2,0,0,34,1.152542372881356
672,t1_lfo79td,35,0,0,113,0.3556254917387884
673,t1_lfo7yhm,15,0,0,137,0.4311565696302124
674,t1_lfoazvh,14,1,0,209,0.6577498033044846
675,t1_lfohvvz,12,1,0,322,1.013375295043273
676,t1_lfohbk5,2,0,0,452,1.4225019669551535
677,t1_lfoj33x,2,0,0,190,0.5979543666404405
678,t1_lfomxq2,2,0,0,406,1.2777340676632574
679,t1_lfourxv,1,0,0,79,0.24862313139260425
680,t1_ldwutw1,3,0,0,165,1.6019417475728155
681,t1_le1al3f,1,1,0,26,0.2524271844660194
682,t1_lfa1oyc,1,0,0,218,0.8226415094339623
683,t1_lfaqygq,1,1,0,114,0.43018867924528303
684,t1_ldqbe87,2,0,0,145,0.6904761904761905
685,t1_ldpz79t,1,1,0,167,0.7952380952380952
686,t1_ldt8r0w,1,0,0,50,0.23809523809523808
687,t1_lf73az9,3,0,0,12,0.16326530612244897
688,t1_lf6z0qv,1,1,0,15,0.20408163265306123
689,t1_lhr480r,6,4,0,132,1.006779661016949
690,t1_lhr7ycd,6,1,0,212,1.616949152542373
691,t1_lhrmf7u,4,2,0,74,0.5644067796610169
692,t1_lhsltrq,3,0,0,60,0.4576271186440678
693,t1_lhr44q2,2,0,0,230,1.7542372881355932
694,t1_lhskg97,2,1,0,18,0.13728813559322034
695,t1_lhti5z1,2,0,0,106,0.8084745762711865
696,t1_lhr79bk,3,0,0,287,2.1889830508474577
697,t1_lhr57w1,1,2,0,27,0.2059322033898305
698,t1_lgbv554,4,0,0,129,0.8692722371967655
699,t1_lgd7z9a,2,0,0,77,0.5188679245283019
700,t1_lgbzyba,1,1,0,181,1.219676549865229
701,t1_lgcgunw,1,0,0,165,1.1118598382749325
702,t1_lgjdvxn,1,0,0,75,0.5053908355795148
703,t1_lhx6w9l,2,0,0,32,0.1509433962264151
704,t1_lhvyy64,1,0,0,121,1.0
705,t1_lhvvq1c,5,0,0,4,0.047619047619047616
706,t1_li0uice,1,0,0,54,0.20454545454545456
707,t1_lhxjy8j,1,0,0,31,0.9253731343283582
708,t1_lhxprd0,1,0,0,36,1.0746268656716418
709,t1_lhys49q,9,0,0,57,0.4222222222222222
710,t1_lhyyjc0,3,0,0,82,0.6074074074074074
711,t1_lhzy84k,3,1,0,179,1.325925925925926
712,t1_lhyzl5n,2,0,0,18,0.13333333333333333
713,t1_lhzay4o,2,0,0,36,0.26666666666666666
714,t1_lhzdwpq,2,0,0,40,0.2962962962962963
715,t1_lhytfu9,3,0,0,247,1.8296296296296297
716,t1_li07wux,1,0,0,56,0.4148148148148148
717,t1_lhxa49n,7,0,0,69,0.40588235294117647
718,t1_lhxi6fg,3,2,0,200,1.1764705882352942
719,t1_lhx7tl2,2,0,0,71,0.4176470588235294
720,t1_lhy6zwc,1,0,0,50,1.0
721,t1_li09buc,16,0,0,182,1.505514705882353
722,t1_li0d3o1,10,1,0,265,2.1920955882352944
723,t1_li08v7l,9,0,0,38,0.31433823529411764
724,t1_li17vzy,3,0,0,41,0.3391544117647059
725,t1_li0lgcd,2,0,0,84,0.6948529411764706
726,t1_li18735,2,0,0,70,0.5790441176470589
727,t1_li0spwg,1,0,0,14,0.11580882352941177
728,t1_li151ai,1,0,0,48,0.3970588235294118
729,t1_li1grbt,1,0,0,171,1.4145220588235294
730,t1_lhwwm0a,1,0,0,80,0.7619047619047619
731,t1_lhwr57h,9,0,0,21,0.17796610169491525
732,t1_lhwr3x5,8,1,0,69,0.5847457627118644
733,t1_lhwtx5c,4,0,0,207,1.7542372881355932
734,t1_lhxny18,2,0,0,133,0.8093306288032454
735,t1_lhxogzl,2,1,0,154,0.9371196754563894
736,t1_lhyfjyq,2,0,0,59,0.35902636916835695
737,t1_lhxo1i6,2,0,0,172,1.0466531440162272
738,t1_lhzzs9v,0,0,0,40,0.2434077079107505
739,t1_lhy9zuc,-2,2,0,102,0.6206896551724138
740,t1_li1l6ca,2,0,0,54,1.0
741,t1_li11zxy,1,0,0,102,1.0
742,t1_lhzavyg,2,0,0,64,0.4910485933503836
743,t1_li1jl9c,2,1,0,149,1.143222506393862
744,t1_lhz879t,1,0,0,66,0.5063938618925831
745,t1_lhxdb4o,2,0,0,283,1.1791666666666667
746,t1_lhxfafp,1,0,0,118,0.49166666666666664
747,t1_lhywim6,4,0,0,37,0.2730627306273063
748,t1_lhyyjmu,5,0,0,48,0.35424354243542433
749,t1_lhyx1tm,2,0,0,83,0.6125461254612546
750,t1_lhzx9wy,2,0,0,342,2.5239852398523985
751,t1_lhz4ucq,1,0,0,109,0.8044280442804428
752,t1_li07uaz,2,0,0,194,1.4317343173431734
753,t1_li0oizz,20,0,0,24,0.097809475292919
754,t1_li0pxmm,5,1,0,327,1.3326541008660213
755,t1_li0iqi0,1,0,0,201,0.8191543555781966
756,t1_li0llfw,1,0,0,79,0.32195618950585836
757,t1_li0vs18,1,0,0,486,1.9806418746816097
758,t1_li1ca03,1,0,0,80,0.32603158430973
759,t1_li1dj0y,1,0,0,230,0.9373408048904738
760,t1_li1eq9g,1,0,0,347,1.4141619969434538
761,t1_lhw45qa,1,0,0,145,1.0
762,t1_lhyjfu4,2,0,0,81,0.2482124616956078
763,t1_lhymuc4,2,1,0,39,0.1195097037793667
764,t1_lhyxdxs,1,1,0,437,1.3391215526046987
765,t1_li1ouh0,1,0,0,36,1.0
766,t1_li1098l,4,0,0,241,1.220253164556962
767,t1_li14for,4,0,0,208,1.0531645569620254
768,t1_li18y39,1,0,0,331,1.6759493670886076
769,t1_li1cna1,1,0,0,97,0.4911392405063291
770,t1_li1dzkt,1,0,0,251,1.270886075949367
771,t1_li1ms98,1,0,0,57,0.28860759493670884
772,t1_lhwnskv,9,0,0,10,0.07526881720430108
773,t1_lhwoonz,2,0,0,224,1.686021505376344
774,t1_lhwo0ix,1,0,0,39,0.29354838709677417
775,t1_lhws9u4,1,0,0,34,0.25591397849462366
776,t1_lhwsuyh,1,0,0,90,0.6774193548387096
777,t1_lhxp0xn,1,0,0,418,3.1462365591397847
778,t1_lhyv1go,-2,2,0,42,0.3161290322580645
779,t1_li06tmo,2,0,0,103,0.7686567164179104
780,t1_li18wea,5,0,0,211,0.6986754966887417
781,t1_li1ct05,2,0,0,350,1.1589403973509933
782,t1_lhxz8k1,8,0,0,281,1.2731391585760516
783,t1_lhxxl9o,3,0,0,368,1.6673139158576051
784,t1_lhxv7qc,2,0,0,188,0.8517799352750809
785,t1_lhy3ln2,2,1,0,199,0.9016181229773462
786,t1_lhy517c,2,0,0,26,0.11779935275080906
787,t1_lhycc8b,2,0,0,139,0.6297734627831715
788,t1_lhxyiyc,2,0,0,69,0.312621359223301
789,t1_lhzyrp4,2,0,0,177,0.8676470588235294
790,t1_lhzwods,1,0,0,71,0.47651006711409394
791,t1_lhwh67s,1,0,0,202,1.3602693602693603
792,t1_lhwivut,1,1,0,72,0.48484848484848486
793,t1_lhwsj98,1,0,0,56,0.1794871794871795
794,t1_lhx70vx,3,0,0,819,0.9879372738238842
795,t1_lhytzjg,3,0,0,76,0.8491620111731844
796,t1_lhzb37d,2,0,0,103,1.1508379888268156
797,t1_li07k6m,9,0,0,242,0.3793103448275862
798,t1_li19dqm,1,0,0,532,0.8338557993730408
799,t1_li0b2ro,-4,0,0,744,1.1661442006269593
800,t1_lhyqag9,11,0,0,205,0.9454265949269792
801,t1_lhyqbed,8,0,0,179,0.8255188316679477
802,t1_lhywvxe,3,0,0,328,1.5126825518831668
803,t1_lhysvs9,2,0,0,140,0.6456571867794004
804,t1_li04ubh,1,0,0,296,1.3651037663335894
805,t1_li0vpcr,1,0,0,153,0.7056110684089162
806,t1_li1fniy,2,0,0,362,1.3994845360824741
807,t1_li1h3ky,2,1,0,98,0.3788659793814433
808,t1_li1azzt,1,1,0,57,0.22036082474226804
809,t1_lhzmq2t,1,0,0,251,1.0
810,t1_li0ydxt,1,0,0,30,1.0
811,t1_li03k61,1,0,0,30,0.7792207792207793
812,t1_li1funk,1,0,0,47,1.2207792207792207
813,t1_li0c6jh,1,0,0,30,0.10550996483001172
814,t1_li0mnym,3,0,0,338,1.1887456037514654
815,t1_li0nwl4,3,1,0,181,0.6365767878077374
816,t1_li1ot36,1,0,0,654,2.3001172332942557
817,t1_li0cncv,1,1,0,128,0.4501758499413834
818,t1_li1oy9u,1,0,0,42,0.14771395076201643
819,t1_li0juuq,1,0,0,30,1.0
820,t1_lhzxx9p,1,0,0,30,0.7058823529411765
821,t1_li0ct4z,1,0,0,55,1.2941176470588236
822,t1_lhycyem,1,0,0,30,0.3508771929824561
823,t1_lhzlnva,1,1,0,36,0.42105263157894735
824,t1_lhz9dzq,1,0,0,30,0.0535475234270415
825,t1_lhzcbqw,5,1,0,175,0.31236055332440876
826,t1_lhzg3pv,3,1,0,349,0.6229361892012495
827,t1_lhzhtx2,1,1,0,932,1.6635430611334225
828,t1_lhz22gk,1,0,0,30,0.19933554817275748
829,t1_lhz4yd2,27,1,0,255,1.6943521594684385
830,t1_lhzijl1,2,0,0,79,0.5249169435215947
831,t1_li0zwyg,3,0,0,453,3.009966777408638
832,t1_li1fsq3,2,0,0,87,0.5780730897009967
833,t1_li15nk8,2,1,0,87,0.5780730897009967
834,t1_li1g2w7,1,0,0,72,0.47840531561461797
835,t1_li1p0ac,1,0,0,97,0.6445182724252492
836,t1_lhzltwo,1,0,0,30,0.821917808219178
837,t1_lhzpb7w,-5,1,0,4,0.1095890410958904
838,t1_li1iq2y,2,0,0,15,1.0
839,t1_li1r383,1,0,0,48,1.0
840,t1_li1k6bm,1,0,0,282,1.0
841,t1_li1ncpe,1,0,0,85,0.44041450777202074
842,t1_li1nsz6,1,0,0,51,0.26424870466321243
843,t1_li1ou92,1,0,0,443,2.295336787564767
844,t1_li1n5de,6,0,0,295,1.0
845,t1_li0wuxz,5,0,0,250,1.0706638115631693
846,t1_li0nw9x,2,0,0,178,0.7623126338329764
847,t1_lgko49h,3,0,0,122,0.5217391304347826
848,t1_lgma571,4,1,0,569,2.43335709194583
849,t1_lgieik7,3,0,0,102,0.436208125445474
850,t1_lglq676,1,0,0,32,0.1368496079828938
851,t1_lgmc6gw,1,0,0,27,0.11546685673556664
852,t1_lguilyn,1,1,0,208,0.8895224518888096
853,t1_lhphx2e,5,0,0,74,0.8176795580110497
854,t1_lhppj16,3,1,0,45,0.4972375690607735
855,t1_lhyq220,29,0,0,348,1.8373812038014783
856,t1_li0m231,2,0,0,324,1.7106652587117213
857,t1_lhze6q3,2,0,0,33,0.17423442449841606
858,t1_li0rrcw,1,0,0,162,0.8553326293558606
859,t1_li17lni,1,0,0,63,0.33262935586061243
860,t1_lhha72t,7,0,0,71,0.6574074074074074
861,t1_lhhxtsh,1,0,0,109,1.0092592592592593
862,t1_lgi49bt,50,0,0,172,0.8043647700701481
863,t1_lgij4ev,26,2,0,75,0.35074045206547155
864,t1_lgii92h,4,1,0,19,0.08885424785658612
865,t1_lgmze80,2,0,0,284,1.3281371784879188
866,t1_lgp7ee2,2,0,0,175,0.8183943881527669
867,t1_lgi68xj,5,0,0,162,0.7575993764614185
868,t1_lhlc7a2,2,0,0,96,0.3449101796407186
869,t1_lhn6pmb,1,0,0,151,0.5425149700598803
870,t1_lhq17h1,1,0,0,72,0.25868263473053893
871,t1_lhjo0rf,1,0,0,92,0.33053892215568864
872,t1_lhkwasf,1,0,0,1013,3.639520958083833
873,t1_lhj884h,0,0,0,246,0.8838323353293414
874,t1_lgva6jv,1,0,0,110,0.36605657237936773
875,t1_lgvc1ta,1,1,0,45,0.1497504159733777
876,t1_lgvoln2,1,3,0,258,0.8585690515806988
877,t1_lgyoupp,1,0,0,157,0.5224625623960066
878,t1_li15d2d,3,0,0,254,1.4682080924855492
879,t1_li116w1,1,0,0,65,0.37572254335260113
880,t1_li1m8t4,1,0,0,198,1.1445086705202312
881,t1_li12uf6,1,1,0,66,0.3815028901734104
882,t1_lhvkik3,2,0,0,76,1.0
883,t1_lhxw43b,117,0,0,68,0.23693379790940766
884,t1_lhxusli,41,1,0,188,0.6550522648083623
885,t1_lhy000b,22,0,0,37,0.1289198606271777
886,t1_lhxv7qa,19,1,0,174,0.6062717770034843
887,t1_lhxyct2,7,0,0,72,0.2508710801393728
888,t1_lhyekyc,5,0,0,97,0.33797909407665505
889,t1_lh33lqn,1437,0,2,48,0.2270577105014191
890,t1_lh32j65,232,1,0,57,0.2696310312204352
891,t1_lh3829o,112,1,0,170,0.804162724692526
892,t1_lh42b1r,54,0,0,125,0.5912961210974456
893,t1_lh33mel,13,0,0,235,1.1116367076631977
894,t1_lgvw6bp,154,0,0,190,1.12141652613828
895,t1_lgvvtgo,89,1,0,32,0.1888701517706577
896,t1_lgvnbab,93,1,0,178,1.0505902192242833
897,t1_lgvmq07,23,0,0,18,0.10623946037099495
898,t1_lgw148s,24,0,0,33,0.19477234401349075
899,t1_lgw070x,38,0,0,33,0.19477234401349075
900,t1_lgvobez,28,0,0,489,2.8861720067453627
901,t1_lgp0s5l,1,0,0,79,0.3110236220472441
902,t1_lhzsyt6,1,0,0,14,0.5384615384615384
903,t1_lfxi9zs,70,0,0,40,0.32634032634032634
904,t1_lfxje4b,24,0,0,148,1.2074592074592074
905,t1_lfxnwx0,16,1,0,74,0.6037296037296037
906,t1_lfxsg82,16,1,0,163,1.32983682983683
907,t1_lfxl42h,7,0,0,91,0.7424242424242424
908,t1_lfxmwyv,5,0,0,71,0.5792540792540792
909,t1_lfxnb2a,5,0,0,11,0.08974358974358974
910,t1_lggy41g,118,0,0,102,0.4885577434805748
911,t1_lgh82m1,50,0,0,226,1.0824906865353912
912,t1_lgh8rn0,28,0,0,168,0.8046833422032996
913,t1_lggxjwx,23,0,0,23,0.11016498137307079
914,t1_lghncrb,7,0,0,287,1.3746673762639703
915,t1_lghyads,6,0,0,78,0.37360298030867484
916,t1_lghpta7,5,0,0,214,1.0250133049494412
917,t1_lgh1xee,6,1,0,559,2.677488025545503
918,t1_lghbdl2,3,0,0,140,0.6705694518360831
919,t1_lhsiehz,143,0,0,106,0.31657541065206574
920,t1_lhskb55,52,2,0,223,0.6660029865604778
921,t1_lhsjm1g,107,1,0,110,0.32852165256346444
922,t1_lhsienk,19,0,0,38,0.11348929815828772
923,t1_lhsm5u3,16,0,0,533,1.5918367346938775
924,t1_lhsjre5,13,0,0,241,0.719761075161772
925,t1_lhx5h8n,1,0,0,216,0.9452954048140044
926,t1_lhx64ka,1,1,0,46,0.2013129102844639
927,t1_lhpoc76,6,0,0,300,1.9292604501607717
928,t1_lhpvhbm,3,0,0,11,0.0707395498392283
929,t1_lhvi1al,8,0,0,145,1.0
930,t1_lhqe26q,1,0,0,115,1.0900473933649288
931,t1_lhwojti,1,0,0,96,0.909952606635071
932,t1_lhjwyii,2,0,0,149,0.6044624746450304
933,t1_lhrw7de,2,0,0,266,1.079107505070994
934,t1_lhwjwfv,1,0,0,91,0.4396135265700483
935,t1_lhx8x2j,1,0,0,323,1.5603864734299517
936,t1_lhlb72d,1,0,0,417,0.7367491166077739
937,t1_lhft1m2,1,0,0,115,0.7172557172557172
938,t1_lhfxgza,8,1,0,69,0.4303534303534303
939,t1_lhftw4q,3,1,0,129,0.8045738045738046
940,t1_lhg3l3i,3,1,0,58,0.3617463617463617
941,t1_lhgtm4z,3,0,0,206,1.2848232848232848
942,t1_lhkp6sr,2,0,0,91,0.5675675675675675
943,t1_li09plg,9,0,0,14,0.109375
944,t1_li0373f,7,8,0,161,1.2578125
945,t1_li08uay,2,0,0,118,0.921875
946,t1_li0jkgk,2,1,0,237,1.8515625
947,t1_li0kv1j,1,0,0,4,0.03125
948,t1_li0ukkd,1,0,0,114,0.890625
949,t1_li12h6e,1,0,0,70,0.546875
950,t1_lhlic98,7,0,0,123,0.955958549222798
951,t1_lhmjipm,1,0,0,237,1.8419689119170986
952,t1_lhmbnag,2,1,0,11,0.08549222797927462
953,t1_lhg6owv,8,0,0,168,0.6511627906976745
954,t1_lhignm8,3,0,0,911,3.5310077519379846
955,t1_lhg2ux9,1,1,0,102,0.3953488372093023
956,t1_lhg4z29,2,0,0,96,0.37209302325581395
957,t1_lhhldlc,2,0,0,100,0.3875968992248062
958,t1_lhihwq2,2,0,0,75,0.29069767441860467
959,t1_lhinmq9,1,0,0,121,0.4689922480620155
960,t1_lhql5jh,45,0,0,40,0.12539184952978055
961,t1_lhsjp9w,11,0,0,418,1.3103448275862069
962,t1_lhqodb7,18,1,0,321,1.006269592476489
963,t1_lhqoi8t,8,1,0,137,0.42946708463949845
964,t1_lhr2s7k,5,0,0,56,0.1755485893416928
965,t1_lhr8ggx,3,0,0,361,1.1316614420062696
966,t1_lhrh96b,2,0,0,7,0.0219435736677116
967,t1_lhf1j0j,22,0,0,151,0.5767761650114591
968,t1_lhhejzi,6,0,0,253,0.9663865546218487
969,t1_lhf369u,3,0,0,126,0.48128342245989303
970,t1_lhftoxu,2,1,0,628,2.3987776928953397
971,t1_lhfx0un,2,0,0,31,0.11841100076394194
972,t1_lhupnfw,1,0,0,115,0.5741797432239658
973,t1_lhusyq9,71,1,0,129,0.6440798858773181
974,t1_lhv5ww7,15,1,0,160,0.7988587731811698
975,t1_lhvtlwu,7,0,0,35,0.1747503566333809
976,t1_lhv8fot,3,1,0,301,1.5028530670470757
977,t1_lhvrmu3,2,0,0,361,1.8024251069900143
978,t1_lhyd0ec,2,0,0,10,0.049928673323823114
979,t1_lhzxbss,1,0,0,115,1.0849056603773586
980,t1_li1atrb,1,0,0,97,0.9150943396226415
981,t1_lhs4h8y,34,0,0,66,0.16081871345029242
982,t1_lhs66wd,22,4,0,482,1.1744639376218324
983,t1_lht6u4q,7,0,0,205,0.4995126705653022
984,t1_lhsqnv9,5,0,0,612,1.4912280701754386
985,t1_lhs8gfs,5,0,0,92,0.22417153996101366
986,t1_lhrgdhs,4,0,0,185,0.985790408525755
987,t1_lhuoexq,2,0,0,57,0.3037300177619894
988,t1_lhz6ehk,1,0,0,168,0.8952042628774424
989,t1_lhxi8wj,46,0,0,262,1.7012987012987013
990,t1_lhxkchj,33,1,0,232,1.5064935064935066
991,t1_lhxru85,14,0,0,183,1.1883116883116882
992,t1_lhxu3hq,26,0,0,33,0.21428571428571427
993,t1_lhxx34w,19,0,0,228,1.4805194805194806
994,t1_lhxx49l,5,0,0,175,1.1363636363636365
995,t1_lhy2h6m,8,0,0,166,1.077922077922078
996,t1_lhy3z99,4,0,0,36,0.23376623376623376
997,t1_lhzt1hm,4,0,0,15,0.09740259740259741
998,t1_lhp642z,1,0,0,200,0.38684719535783363
999,t1_lhes0c7,91,0,0,147,1.1424870466321244
1000,t1_lhepq35,35,0,0,283,2.1994818652849744
1001,t1_lhezm7l,13,0,0,52,0.4041450777202073
1002,t1_lhetgam,20,0,0,95,0.7383419689119172
1003,t1_lheu0iy,19,0,0,106,0.8238341968911918
1004,t1_lhep1ww,8,0,0,46,0.3575129533678757
1005,t1_lheszjq,5,0,0,140,1.0880829015544042
1006,t1_lherxur,13,0,0,35,0.27202072538860106
1007,t1_lhf8v3c,18,0,0,155,1.2046632124352332
1008,t1_li0frn6,2,0,0,211,0.596045197740113
1009,t1_lhz4w1j,3,0,0,45,0.21634615384615385
1010,t1_lhqloqq,1,0,0,115,0.8323281061519904
1011,t1_lhr2yit,1,0,0,189,1.367913148371532
1012,t1_lhrkcrp,1,0,0,57,0.41254523522316044
1013,t1_lhrtn77,1,0,0,10,0.07237635705669482
1014,t1_lhs91xj,1,0,0,327,2.3667068757539207
1015,t1_lhqrd6d,0,0,0,131,0.9481302774427021
1016,t1_lhf2jve,4,0,0,14,0.19718309859154928
1017,t1_lhklpk5,4,0,0,395,0.9397303727200634
1018,t1_lhko4ab,3,1,0,402,0.9563838223632039
1019,t1_lhp615x,1,1,0,282,0.6708961141950833
1020,t1_lhpb9c6,4,0,0,42,1.0
1021,t1_lhvwo9m,12,0,0,63,0.5048076923076923
1022,t1_lhw7sgn,4,1,0,83,0.6650641025641025
1023,t1_lhwi1zw,4,1,0,102,0.8173076923076923
1024,t1_li1f18r,1,0,0,43,0.34455128205128205
1025,t1_lhvuh4y,-6,0,0,103,0.8253205128205129
1026,t1_lhxm72o,1,0,0,134,1.0
1027,t1_lhhl6pv,1,0,0,84,0.3169811320754717
1028,t1_lhlafmm,47,0,0,21,0.41379310344827586
1029,t1_lhl8jsc,87,0,0,5,0.09852216748768473
1030,t1_lhl8o9j,65,0,0,8,0.15763546798029557
1031,t1_lhlbwmm,111,1,0,40,0.7881773399014779
1032,t1_lhlhe15,27,0,0,48,0.9458128078817734
1033,t1_lhlvbo2,21,0,0,217,4.275862068965517
1034,t1_lhldsfr,19,0,0,23,0.45320197044334976
1035,t1_lhl8xlj,25,1,0,6,0.11822660098522167
1036,t1_lhrd2xv,1,0,0,115,0.6195286195286195
1037,t1_lhrfadu,20,1,0,248,1.3360269360269361
1038,t1_lhrut67,10,0,0,244,1.3144781144781146
1039,t1_lhslbr6,3,0,0,23,0.12390572390572391
1040,t1_lhsv69d,1,0,0,326,1.7562289562289561
1041,t1_lhul4ae,1,0,0,214,1.1528619528619528
1042,t1_lhvfayh,1,0,0,106,0.571043771043771
1043,t1_lhrtfbr,0,0,0,116,0.6249158249158249
1044,t1_li0yn02,11,0,0,19,0.12271259418729816
1045,t1_li106zz,10,1,0,208,1.3433799784714746
1046,t1_li0ydo2,4,0,0,124,0.8008611410118407
1047,t1_li14ve0,3,0,0,159,1.0269106566200215
1048,t1_li1d260,1,0,0,43,0.27771797631862216
1049,t1_li1re8b,1,0,0,149,0.9623250807319698
1050,t1_lho3586,1,0,0,115,0.5275229357798165
1051,t1_lhobw1k,6,1,0,64,0.29357798165137616
1052,t1_lhos7qz,1,2,0,186,0.8532110091743119
1053,t1_lhdkqpt,9,0,0,625,1.610231873389768
1054,t1_lhfe6ne,5,0,0,221,0.569377990430622
1055,t1_lhdvbo0,9,1,0,141,0.36326831063673165
1056,t1_lhfiohx,2,0,0,287,0.7394184762605814
1057,t1_lhgxff8,2,0,0,129,0.3323518586676481
1058,t1_lhez8h5,2,0,0,258,0.6647037173352962
1059,t1_lhgepr4,1,0,0,199,0.5126978284873022
1060,t1_lhmwiqf,4,0,0,79,0.24420401854714066
1061,t1_lhncuub,4,1,1,352,1.0880989180834622
1062,t1_lhhyo3o,1,0,0,114,1.0
1063,t1_lhwai0z,1,0,0,78,0.6628895184135977
1064,t1_lhxnj67,1,0,0,242,2.056657223796034
1065,t1_li0rj42,1,0,0,33,0.2804532577903683
1066,t1_lhbp3vi,19,0,0,185,0.7380319148936171
1067,t1_lhb6mie,21,2,0,104,0.4148936170212766
1068,t1_lhbemx2,17,0,0,42,0.1675531914893617
1069,t1_lhd20l1,5,0,0,395,1.5757978723404256
1070,t1_lhc4axf,8,1,0,207,0.8257978723404256
1071,t1_lhbl4qs,8,0,0,195,0.7779255319148937
1072,t1_lhbr4ei,642,0,0,58,0.42028985507246375
1073,t1_lhbxgxb,793,3,0,33,0.2391304347826087
1074,t1_lhayx55,468,0,0,90,0.6521739130434783
1075,t1_lhc5y7i,83,2,0,130,0.9420289855072463
1076,t1_lhbz7wp,70,0,0,13,0.09420289855072464
1077,t1_lhu0bsf,3,0,0,425,1.0
1078,t1_lhpxgc0,21,0,0,81,0.6659815005138746
1079,t1_lhq2e1d,28,1,0,8,0.065775950668037
1080,t1_lhq6ter,30,0,0,177,1.4552929085303186
1081,t1_lhqp84h,7,0,0,79,0.6495375128468653
1082,t1_lhqdc8f,10,0,0,110,0.9044193216855088
1083,t1_lhqni4g,5,0,0,50,0.41109969167523125
1084,t1_lhqu0wv,5,0,0,63,0.5179856115107914
1085,t1_lhq27qp,4,0,0,204,1.6772867420349435
1086,t1_lhsjt8s,2,0,0,218,1.0
1087,t1_lhosfhk,89,0,0,100,0.4438807863031072
1088,t1_lhosixw,42,0,0,90,0.3994927076727965
1089,t1_lhq602m,16,0,0,495,2.1972098922003807
1090,t1_lhovboy,24,1,0,112,0.49714648065948003
1091,t1_lhp93ff,4,0,0,135,0.5992390615091947
1092,t1_lhotp2i,8,0,0,270,1.1984781230183894
1093,t1_lhp5uiw,11,0,0,102,0.45275840202916934
1094,t1_lhcz206,1,0,0,748,2.89922480620155
1095,t1_lhb6qx1,1,1,0,49,0.18992248062015504
1096,t1_lhb2mft,3,0,0,78,0.3023255813953488
1097,t1_lhau1vp,1,1,0,244,0.9457364341085271
1098,t1_lham66f,1,1,0,98,0.3798449612403101
1099,t1_lhaijwy,1,0,0,435,1.686046511627907
1100,t1_lhaflxz,1,0,0,39,0.1511627906976744
1101,t1_lhgpbfa,1,0,0,260,1.4156079854809438
1102,t1_lhgny7z,1,0,0,176,0.9582577132486388
1103,t1_lhgbe67,1,0,0,91,0.49546279491833034
1104,t1_lhf4jzh,1,2,0,138,0.7513611615245009
1105,t1_lhey0u0,1,1,0,58,0.31578947368421056
1106,t1_lhevh0m,1,1,0,98,0.5335753176043557
1107,t1_lhpbhoy,23,0,0,101,0.5319789315274642
1108,t1_lhp5ypl,4,1,0,70,0.3686982693754703
1109,t1_lhqioba,3,0,0,173,0.9112114371708051
1110,t1_lhs7y7z,2,0,0,11,0.057938299473288185
1111,t1_lhv37oq,2,0,0,71,0.37396538750940556
1112,t1_lhvrvxs,1,0,0,70,0.3686982693754703
1113,t1_li0q0at,1,0,0,281,1.4800601956358164
1114,t1_lhkhrmu,40,0,0,60,0.5630026809651475
1115,t1_lhkufd3,35,1,0,10,0.09383378016085792
1116,t1_lhkuc5k,48,1,0,180,1.6890080428954424
1117,t1_lhl1p2j,15,0,0,40,0.37533512064343166
1118,t1_lhllnbn,9,0,0,66,0.6193029490616622
1119,t1_lhkncc9,12,1,0,105,0.985254691689008
1120,t1_lhklr68,6,0,0,136,1.2761394101876675
1121,t1_lhqajpo,78,0,0,163,0.806930693069307
1122,t1_lht0pwn,19,0,0,128,0.6336633663366337
1123,t1_lhq6tkw,12,0,0,415,2.0544554455445545
1124,t1_lhqdzcd,12,0,0,38,0.18811881188118812
1125,t1_lhttb2i,9,0,0,222,1.099009900990099
1126,t1_lhv2kmo,6,0,0,65,0.3217821782178218
1127,t1_lhtfke3,4,0,0,151,0.7475247524752475
1128,t1_lhvj7c9,3,0,0,93,0.4603960396039604
1129,t1_lhguvjn,11,0,0,248,1.3323100537221797
1130,t1_lhgwfsg,16,1,0,17,0.09132770529547199
1131,t1_lhh889p,5,0,0,258,1.3860322333077513
1132,t1_lhh8zdt,2,0,0,127,0.6822716807367614
1133,t1_lhhha9x,2,1,0,281,1.5095932463545665
1134,t1_lhh1fl8,3,0,0,34,0.18265541059094398
1135,t1_lhhdjjr,3,0,0,103,0.5533384497313891
1136,t1_lhgsrcg,2,0,0,356,1.287988422575977
1137,t1_lhgon7y,1,1,0,136,0.4920405209840811
1138,t1_lhgyz0z,1,1,0,27,0.09768451519536904
1139,t1_lhh09vn,1,0,0,203,0.7344428364688858
1140,t1_lhhm9yu,1,0,0,115,0.4160636758321274
1141,t1_lhm0e47,3,0,0,137,0.7773049645390071
1142,t1_lhm9ohm,2,0,0,92,0.5219858156028369
1143,t1_lhmb6kz,2,0,0,329,1.8666666666666667
1144,t1_lhn464e,1,0,0,147,0.8340425531914893
1145,t1_lhuitvp,43,0,0,182,1.362566844919786
1146,t1_lhu8khj,12,0,0,29,0.21711229946524063
1147,t1_lhwejld,6,0,0,6,0.04491978609625668
1148,t1_lhvqocq,15,0,0,110,0.8235294117647058
1149,t1_lhux6yg,4,0,0,81,0.6064171122994652
1150,t1_lhv3xq6,4,1,0,5,0.0374331550802139
1151,t1_lhy7zvh,4,0,0,309,2.313368983957219
1152,t1_lhtmu70,1,0,0,39,1.0
1153,t1_lhmpemj,2,0,0,173,0.6987075928917609
1154,t1_lhm7rwl,1,1,0,258,1.0420032310177707
1155,t1_lhme594,1,2,0,75,0.30290791599353795
1156,t1_lhmnz3o,1,0,0,104,0.420032310177706
1157,t1_lhmwvap,1,0,0,251,1.0137318255250405
1158,t1_lhva515,2,0,0,140,0.8695652173913043
1159,t1_lhvjvul,1,0,0,130,0.8074534161490683
1160,t1_lhn56m6,2,0,0,47,1.0
1161,t1_li1atpl,2,0,0,77,1.4128440366972477
1162,t1_li17qeh,1,0,0,32,0.5871559633027523
1163,t1_lhticdl,1,0,0,20,0.43478260869565216
1164,t1_lhtq3cq,1,0,0,72,1.565217391304348
1165,t1_lhu2bj6,5,0,0,89,0.5826513911620295
1166,t1_lhu7o36,5,0,0,81,0.530278232405892
1167,t1_lhu11ef,1,0,0,292,1.911620294599018
1168,t1_lhvqkyj,1,0,0,97,0.6350245499181669
1169,t1_lhyet52,3,0,0,46,0.19166666666666668
1170,t1_lhyn2io,1,0,0,150,0.625
1171,t1_lhz6lr7,1,0,0,423,1.7625
1172,t1_lhw2fba,49,0,0,150,0.5797901711761457
1173,t1_lhvecbp,27,0,0,78,0.3014908890115958
1174,t1_lhvhvt3,21,1,0,171,0.6609607951408062
1175,t1_lhv71th,30,1,0,52,0.20099392600773053
1176,t1_lhv9qpw,5,0,0,497,1.921038100496963
1177,t1_lhved2f,9,0,0,162,0.6261733848702374
1178,t1_lhvqn51,2,0,0,182,0.7034787410270569
1179,t1_li1ak9c,3,0,0,220,0.9887640449438202
1180,t1_li12r6h,1,1,0,104,0.46741573033707867
1181,t1_li14oue,1,0,0,138,0.6202247191011236
1182,t1_li1glpj,1,0,0,211,0.9483146067415731
1183,t1_lhzoj8d,4,0,0,61,1.0
1184,t1_li07key,2,0,0,300,1.0356731875719216
1185,t1_li07mz9,2,1,0,99,0.34177215189873417
1186,t1_li1ad63,1,0,0,123,0.4246260069044879
1187,t1_lhxwblp,1,0,0,192,0.6453781512605042
1188,t1_lhze102,1,0,0,41,0.13781512605042018
1189,t1_lhzikw7,1,1,0,156,0.5243697478991597
1190,t1_lhzsid3,1,1,0,288,0.9680672268907563
1191,t1_li1suso,5,0,0,167,0.9226519337016574
1192,t1_li1py5n,4,0,0,71,0.39226519337016574
1193,t1_li1q166,1,0,0,89,0.49171270718232046
1194,t1_li1set2,1,0,0,91,0.5027624309392266
1195,t1_li1vihb,1,0,0,171,0.9447513812154696
1196,t1_li1rcbo,1,1,0,185,1.022099447513812
1197,t1_li0ma2w,5,0,0,46,0.4039517014270033
1198,t1_li0msl7,2,0,0,180,1.5806805708013172
1199,t1_li18ctf,2,0,0,145,1.2733260153677277
1200,t1_li1r1so,1,0,0,88,0.7727771679473107
1201,t1_li1u8cg,1,0,0,61,0.535675082327113
1202,t1_li1fbse,0,0,0,220,1.9319429198682767
1203,t1_li0omfe,-2,0,0,148,1.2996706915477498
1204,t1_li0zva2,-3,0,0,23,0.20197585071350166
1205,t1_lhwgycn,7,0,0,495,0.5214185393258427
1206,t1_lhw4umr,4,1,0,363,0.38237359550561795
1207,t1_lhwcefo,1,1,0,364,0.3834269662921348
1208,t1_li1vo1h,1,0,0,93,1.0
1209,t1_lhwghud,4,0,0,79,0.86654478976234
1210,t1_lhwove1,3,0,0,104,1.1407678244972577
1211,t1_lhwjqcr,2,0,0,236,2.588665447897623
1212,t1_lhwpow1,1,0,0,15,0.16453382084095064
1213,t1_lhwx071,1,0,0,81,0.8884826325411334
1214,t1_lhzltzw,1,0,0,32,0.3510054844606947
1215,t1_lhy0iia,4,0,0,73,0.6269083969465649
1216,t1_lhy032k,4,0,0,83,0.7127862595419847
1217,t1_lhy10mk,3,0,0,83,0.7127862595419847
1218,t1_lhy0pw1,2,0,0,3,0.025763358778625955
1219,t1_lhy2o9y,2,0,0,166,1.4255725190839694
1220,t1_lhy2vm2,2,0,0,158,1.3568702290076335
1221,t1_lhz3duo,2,1,0,256,2.198473282442748
1222,t1_lhz9alk,1,0,0,2,0.01717557251908397
1223,t1_lhzfjdg,1,0,0,103,0.8845419847328244
1224,t1_lhuiile,1,0,0,109,1.0
1225,t1_lhyc2pt,1,0,0,161,0.9019607843137255
1226,t1_li0kt69,1,0,0,13,0.07282913165266107
1227,t1_lhwor9p,2,0,0,94,0.4530120481927711
1228,t1_lhwsndq,1,1,0,452,2.1783132530120484
1229,t1_lhx5bg3,1,1,0,7,0.033734939759036145
1230,t1_lhzklbf,1,0,0,62,0.2987951807228916
1231,t1_lhvs90p,1,0,0,71,0.17317073170731706
1232,t1_lhtmdjv,1,0,0,12,0.06050420168067227
1233,t1_lhu68sw,1,1,0,17,0.08571428571428572
1234,t1_lhxurn7,1,0,0,466,2.349579831932773
1235,t1_lhw90i8,1,0,0,59,0.7195121951219512
1236,t1_lhydt4e,2,0,0,83,0.6125461254612546
1237,t1_lhyeb15,1,1,0,74,0.5461254612546126
1238,t1_lhy2oaa,1,0,0,106,0.5668449197860963
1239,t1_lhy8pcp,1,0,0,208,1.1122994652406417
1240,t1_li0zqnf,1,0,0,47,1.0
1241,t1_lhz5jc8,1,0,0,19,1.0
1242,t1_li1t4pj,2,0,0,237,0.9713114754098361
1243,t1_lhzab98,4,0,0,212,0.6483180428134556
1244,t1_lhvedyi,1,0,0,339,0.849624060150376
1245,t1_lhxal4t,1,0,0,170,1.0
1246,t1_lhze8s2,1,0,0,11,1.0
1247,t1_lhugto0,1,0,0,62,0.543859649122807
1248,t1_lhzgsay,1,0,0,122,0.6703296703296703
1249,t1_lhw3dqc,1,0,0,220,0.6896551724137931
1250,t1_li09oli,3,0,0,12,0.07100591715976332
1251,t1_li0a136,3,0,0,409,2.4201183431952664
1252,t1_li0k9u0,2,0,0,86,0.5088757396449705
1253,t1_lhz1z8c,1,0,0,42,0.4883720930232558
1254,t1_li1e2wv,1,0,0,183,1.3040380047505937
1255,t1_li1aou6,2,0,0,129,0.9192399049881235
1256,t1_li1arzx,2,0,0,90,0.6413301662707838
1257,t1_li1ap5y,1,0,0,94,0.6698337292161519
1258,t1_li19rhv,1,1,0,39,0.27790973871733965
1259,t1_li1et2n,2,0,0,91,0.6484560570071258
1260,t1_lhvsq3g,5,0,0,107,0.6888412017167381
1261,t1_lhvw50t,3,0,0,45,0.2896995708154506
1262,t1_lhvuvw0,1,1,0,253,1.628755364806867
1263,t1_li0oc7n,2,0,0,32,0.13389121338912133
1264,t1_lhyw93j,5,0,0,193,0.8464912280701754
1265,t1_lhzsngd,1,0,0,263,1.1535087719298245
1266,t1_lhzkhxn,4,0,0,14,0.1377952755905512
1267,t1_lhzjxl7,2,0,0,120,1.1811023622047245
1268,t1_li0aw7j,2,0,0,197,1.938976377952756
1269,t1_li0do9b,2,0,0,10,0.0984251968503937
1270,t1_li0oih2,2,0,0,167,1.643700787401575
1271,t1_li07nmq,2,0,0,484,1.6620879120879122
1272,t1_li0j5fz,1,1,0,28,0.09615384615384616
1273,t1_li0nf52,1,0,0,23,0.07898351648351648
1274,t1_li123ve,1,0,0,44,0.15109890109890112
1275,t1_li1azlt,1,0,0,523,1.7960164835164836
