,comment_id,score,replies,awards,length,length_to_avg_ratio
890,t1_lh32j65,232,1,0,57,0.2696310312204352
364,t1_lg4bi08,26,1,0,161,1.0662251655629138
892,t1_lh42b1r,54,0,0,125,0.5912961210974456
894,t1_lgvw6bp,154,0,0,190,1.12141652613828
164,t1_leemiw7,45,1,0,52,0.5899513776337115
992,t1_lhxu3hq,26,0,0,33,0.21428571428571427
1115,t1_lhkufd3,35,1,0,10,0.09383378016085792
379,t1_ldmxypo,33,0,0,150,0.9950248756218906
662,t1_lh3e68v,63,0,0,6,0.060948081264108354
1032,t1_lhlhe15,27,0,0,48,0.9458128078817734
1173,t1_lhvecbp,27,0,0,78,0.3014908890115958
366,t1_lg40erx,42,0,0,59,0.39072847682119205
799,t1_li0b2ro,-4,0,0,744,1.1661442006269593
519,t1_lfsvgex,72,37,0,85,0.7960457856399584
1029,t1_lhl8jsc,87,0,0,5,0.09852216748768473
424,t1_ldej0rj,54,1,0,12,0.05491990846681922
312,t1_lddwany,3,7,0,188,0.7550200803212851
517,t1_lfsx04k,31,1,0,93,0.8709677419354839
1087,t1_lhosfhk,89,0,0,100,0.4438807863031072
1073,t1_lhbxgxb,793,3,0,33,0.2391304347826087
896,t1_lgvnbab,93,1,0,178,1.0505902192242833
131,t1_lgwfuc6,28,0,0,72,0.6435754189944134
351,t1_lgsjnca,31,0,0,7,0.083223249669749
606,t1_lhpcrmn,41,2,0,136,0.8486739469578783
960,t1_lhql5jh,45,0,0,40,0.12539184952978055
155,t1_lei5b6l,26,3,0,441,1.0068493150684932
884,t1_lhxusli,41,1,0,188,0.6550522648083623
921,t1_lhsjm1g,107,1,0,110,0.32852165256346444
660,t1_lh3m6jk,47,0,0,15,0.1523702031602709
989,t1_lhxi8wj,46,0,0,262,1.7012987012987013
252,t1_lg90tzk,72,0,0,57,0.51953125
883,t1_lhxw43b,117,0,0,68,0.23693379790940766
613,t1_lhptkoy,3,7,0,93,0.5803432137285491
891,t1_lh3829o,112,1,0,170,0.804162724692526
900,t1_lgvobez,28,0,0,489,2.8861720067453627
422,t1_lddujmb,54,9,0,83,0.37986270022883295
363,t1_lg3w9jl,43,0,0,44,0.2913907284768212
903,t1_lfxi9zs,70,0,0,40,0.32634032634032634
672,t1_lfo79td,35,0,0,113,0.3556254917387884
1079,t1_lhq2e1d,28,1,0,8,0.065775950668037
516,t1_lft289d,43,12,0,139,1.3017689906347556
889,t1_lh33lqn,1437,0,2,48,0.2270577105014191
1080,t1_lhq6ter,30,0,0,177,1.4552929085303186
944,t1_li0373f,7,8,0,161,1.2578125
863,t1_lgij4ev,26,2,0,75,0.35074045206547155
1028,t1_lhlafmm,47,0,0,21,0.41379310344827586
524,t1_lfsxpf4,22,8,0,42,0.3933402705515089
1075,t1_lhc5y7i,83,2,0,130,0.9420289855072463
486,t1_ld7nus1,6,6,0,249,1.7412587412587412
1175,t1_lhv71th,30,1,0,52,0.20099392600773053
